Buy,Literature Household Misc,Book,Book,100,10
Buy,Literature Household Misc,Comic Book,ComicBook,100,10
Buy,Literature Household Misc,HottieZ,HottieZ,100,10
Buy,Literature Household Misc,Magazine,Magazine,100,10
Buy,Literature Household Misc,Newspaper,Newspaper,100,10
Buy,Literature Magazine,Angler USA Magazine Vol.1,FishingMag1,100,10
Buy,Literature Magazine,Angler USA Magazine Vol.2,FishingMag2,100,10
Buy,Literature Magazine,Electronics Magazine Vol.1,ElectronicsMag1,100,10
Buy,Literature Magazine,Electronics Magazine Vol.2,ElectronicsMag2,100,10
Buy,Literature Magazine,Electronics Magazine Vol.3,ElectronicsMag3,100,10
Buy,Literature Magazine,Electronics Magazine Vol.4,ElectronicsMag5,100,10
Buy,Literature Magazine,Engineer Magazine Vol.1,EngineerMagazine1,100,10
Buy,Literature Magazine,Engineer Magazine Vol.2,EngineerMagazine2,100,10
Buy,Literature Magazine,Good Cooking Magazine Vol.1,CookingMag1,100,10
Buy,Literature Magazine,Good Cooking Magazine Vol.2,CookingMag2,100,10
Buy,Literature Magazine,Guerilla Survival Radio Vol.1,RadioMag1,100,10
Buy,Literature Magazine,Guerilla Survival Radio Vol.2,RadioMag2,100,10
Buy,Literature Magazine,Guerilla Survival Radio Vol.3,RadioMag3,100,10
Buy,Literature Magazine,How to use Generators,ElectronicsMag4,100,10
Buy,Literature Magazine,Laines Auto Manual - Standard Models,MechanicMag1,100,10
Buy,Literature Magazine,Laines Auto Manual - Commercial Models,MechanicMag2,100,10
Buy,Literature Magazine,Laines Auto Manual - Performance Models,MechanicMag3,100,10
Buy,Literature Magazine,The Farming Magazine,FarmingMag1,100,10
Buy,Literature Magazine,The Herbalist,HerbalistMag,100,10
Buy,Literature Magazine,The Hunter Magazine Vol. 1,HuntingMag1,100,10
Buy,Literature Magazine,The Hunter Magazine Vol. 2,HuntingMag2,100,10
Buy,Literature Magazine,The Hunter Magazine Vol. 3,HuntingMag3,100,10
Buy,Literature Magazine,The Metalwork Magazine Vol.1,MetalworkMag1,100,10
Buy,Literature Magazine,The Metalwork Magazine Vol.2,MetalworkMag2,100,10
Buy,Literature Magazine,The Metalwork Magazine Vol.3,MetalworkMag3,100,10
Buy,Literature Magazine,The Metalwork Magazine Vol.4,MetalworkMag4,100,10
Buy,Literature Skill,Carpentry for Beginners,BookCarpentry1,100,10
Buy,Literature Skill,Carpentry for Intermediates,BookCarpentry2,250,10
Buy,Literature Skill,Advanced Carpentry,BookCarpentry3,500,10
Buy,Literature Skill,Expert Carpentry,BookCarpentry4,750,10
Buy,Literature Skill,Master Carpentry,BookCarpentry5,1000,10
Buy,Literature Skill,Cooking for Beginners,BookCooking1,100,10
Buy,Literature Skill,Cooking for Intermediates,BookCooking2,250,10
Buy,Literature Skill,Advanced Cooking,BookCooking3,500,10
Buy,Literature Skill,Expert Cooking,BookCooking4,750,10
Buy,Literature Skill,Master Cooking,BookCooking5,1000,10
Buy,Literature Skill,Electricity for Beginners,BookElectricity1,100,10
Buy,Literature Skill,Electricity for Intermediates,BookElectricity2,250,10
Buy,Literature Skill,Advanced Electricity,BookElectricity3,500,10
Buy,Literature Skill,Expert Electricity,BookElectricity4,750,10
Buy,Literature Skill,Master Electricity,BookElectricity5,1000,10
Buy,Literature Skill,Farming for Beginners,BookFarming1,100,10
Buy,Literature Skill,Farming for Intermediates,BookFarming2,250,10
Buy,Literature Skill,Advanced Farming,BookFarming3,500,10
Buy,Literature Skill,Expert Farming,BookFarming4,750,10
Buy,Literature Skill,Master Farming,BookFarming5,1000,10
Buy,Literature Skill,First Aid for Beginners,BookFirstAid1,100,10
Buy,Literature Skill,First Aid for Intermediates,BookFirstAid2,250,10
Buy,Literature Skill,Advanced First Aid,BookFirstAid3,500,10
Buy,Literature Skill,Expert First Aid,BookFirstAid4,750,10
Buy,Literature Skill,Master First Aid,BookFirstAid5,1000,10
Buy,Literature Skill,Fishing for Beginners,BookFishing1,100,10
Buy,Literature Skill,Fishing for Intermediates,BookFishing2,250,10
Buy,Literature Skill,Advanced Fishing,BookFishing3,500,10
Buy,Literature Skill,Expert Fishing,BookFishing4,750,10
Buy,Literature Skill,Master Fishing,BookFishing5,1000,10
Buy,Literature Skill,Foraging for Beginners,BookForaging1,100,10
Buy,Literature Skill,Foraging for Intermediates,BookForaging2,250,10
Buy,Literature Skill,Advanced Foraging,BookForaging3,500,10
Buy,Literature Skill,Expert Foraging,BookForaging4,750,10
Buy,Literature Skill,Master Foraging,BookForaging5,1000,10
Buy,Literature Skill,Mechanics for Beginners,BookMechanics1,100,10
Buy,Literature Skill,Mechanics for Intermediates,BookMechanics2,250,10
Buy,Literature Skill,Advanced Mechanics,BookMechanics3,500,10
Buy,Literature Skill,Expert Mechanics,BookMechanics4,750,10
Buy,Literature Skill,Master Mechanics,BookMechanics5,1000,10
Buy,Literature Skill,Metalworking for Beginners,BookMetalWelding1,100,10
Buy,Literature Skill,Metalworking for Intermediates,BookMetalWelding2,250,10
Buy,Literature Skill,Advanced Metalworking,BookMetalWelding3,500,10
Buy,Literature Skill,Expert Metalworking,BookMetalWelding4,750,10
Buy,Literature Skill,Master Metalworking,BookMetalWelding5,1000,10
Buy,Literature Skill,Trapping for Beginners,BookTrapping1,100,10
Buy,Literature Skill,Trapping for Intermediates,BookTrapping2,250,10
Buy,Literature Skill,Advanced Trapping,BookTrapping3,500,10
Buy,Literature Skill,Expert Trapping,BookTrapping4,750,10
Buy,Literature Skill,Master Trapping,BookTrapping5,1000,10